"conversation_id_str","created_at","favorite_count","full_text","id_str","image_url","in_reply_to_screen_name","lang","location","quote_count","reply_count","retweet_count","tweet_url","user_id_str","username"
"1789952333008240666","Mon May 13 09:34:26 +0000 2024","0","Benarkah David Beckham Punya Situs Judi Online untuk Bantu Masyarakat Indonesia? Apakah ada Pertandingan Ulang Indonesia VS Uzbekistan? Yuk sama-sama kita cek kebenaran dan hoax lainnya di Podcast #CEKFAKTA bersama @TurnBackHoax https://t.co/IVka1z0TnJ #PodcastIndonesia","1789952333008240666","","","in","Jakarta, Indonesia","0","0","0","https://twitter.com/beritaKBR/status/1789952333008240666","124390203","beritaKBR"
"1789950465255342535","Mon May 13 09:27:01 +0000 2024","1","TANGGAPAN COUCH JUSTIN INDONESIA VS UZBEKISTAN ! SEMUA ANCUR ? #coachjustin #surya #jegel #eca #talkpod https://t.co/fZc0ubAIwi","1789950465255342535","https://pbs.twimg.com/ext_tw_video_thumb/1789949596468445184/pu/img/PO3Tt21spu_CKFfo.jpg","","in","indonesia","0","0","0","https://twitter.com/talkpod99/status/1789950465255342535","1775799538974085120","talkpod99"
"1789852985633202280","Mon May 13 02:59:40 +0000 2024","1","Nobar semi final Piala Asia U23 antara Timnas Indonesia U23 vs Uzbekistan U23 di Polsek Wasior Polres Teluk Wondama https://t.co/bMrNOVaGP7","1789852985633202280","https://pbs.twimg.com/media/GNbUrNTaoAA6yjQ.jpg","","in","","0","0","0","https://twitter.com/PolresTW/status/1789852985633202280","1468109313977683978","PolresTW"
"1789599326844723382","Sun May 12 11:58:04 +0000 2024","0","@HimekoLaoshi Loh Ibun tiba-tiba jadi wasit. /. Harusnya kemaren Ibun jadi wasit tuh pas Indonesia vs Uzbekistan. ","1789626092845940743","","HimekoLaoshi","in","Jian‚Äôs Duizhang ìÖ©","0","1","0","https://twitter.com/eczipse/status/1789626092845940743","1761413916255797248","eczipse"
"1789623633683566600","Sun May 12 11:48:22 +0000 2024","0","1. Kecewa Laga Timnas Indonesia vs Uzbekistan di Piala Asia U23 Dipimpin Wasit Kontroversial https://t.co/NIdYMNogRc 2. BEM Unsoed: UKT Mahasiswa Naik dari Rp 9 Juta jadi Rp 52 Juta https://t.co/tuUf0JTHH7 https://t.co/O40hFdABCU","1789623649017971172","https://pbs.twimg.com/media/GNYFN6UaIAAgymk.jpg","bemfkh_ugm","in","Yogyakarta, Indonesia","0","1","0","https://twitter.com/bemfkh_ugm/status/1789623649017971172","1359519449880010761","bemfkh_ugm"
"1789603418270781708","Sun May 12 10:41:37 +0000 2024","0","@goodponsel Min yg tebak skor Indonesia vs Uzbekistan kemarin udh diumumkan belum gak sih?","1789606853032505789","","goodponsel","in","Indonesia - Emirates stadium","0","0","0","https://twitter.com/naufalfauzan29/status/1789606853032505789","878212741","naufalfauzan29"
"1789516199552057681","Sun May 12 04:41:24 +0000 2024","0","KELIRU CR7 Katakan Ada Kecurangan Dalam Pertandingan Indonesia-Uzbekistan #CR7 #IndonesiavsUzbekistan #pialaasiau23 #cekfakta #cekfaktatempo https://t.co/F4JgxepLVv","1789516199552057681","","","in","Jakarta, Indonesia","0","0","0","https://twitter.com/tempocekfakta/status/1789516199552057681","1071987848054661120","tempocekfakta"
"1789514224584258031","Sun May 12 04:33:33 +0000 2024","1","KELIRU Video FIFA dan AFC Gelar Pertandingan Ulang Indonesia-Uzbekistan Karena Kecurangan Wasit #pialaasiau23 #FIFA #AFC #IndonesiavsUzbekistan #cekfakta #cekfaktatempo https://t.co/jU96uGAZM1","1789514224584258031","","","in","Jakarta, Indonesia","0","0","0","https://twitter.com/tempocekfakta/status/1789514224584258031","1071987848054661120","tempocekfakta"
"1789244847871914349","Sat May 11 10:43:08 +0000 2024","0","wasit Indonesia vs Uzbekistan itu fair","1789244847871914349","","","in","jogja","0","2","0","https://twitter.com/dika_postmann/status/1789244847871914349","1139973152040050689","dika_postmann"
"1788914645895725070","Fri May 10 12:51:02 +0000 2024","28","Jadwal Piala Asia U-23 2024: Irak vs Timnas Indonesia Jepang vs Uzbekistan https://t.co/d3OAn15Ge8","1788914645895725070","","","in","","0","20","4","https://twitter.com/VIVAcoid/status/1788914645895725070","41730943","VIVAcoid"
"1788337594822021398","Fri May 10 07:12:21 +0000 2024","0","@TrollFootball Ini mirip dengan kejadian offside Indonesia vs Uzbekistan","1788829412814975255","","TrollFootball","in","","0","0","0","https://twitter.com/wengkys75/status/1788829412814975255","4087438633","wengkys75"
"1788792329723138461","Fri May 10 04:45:00 +0000 2024","0","Link Nonton Final Piala Asia U-23 Jepang vs Uzbekistan Live Streaming di RCTI dan Vision+ Baca selengkapnya di https://t.co/JbK4HsCSAM #afcasiancup #jepangvsuzbekistan","1788792329723138461","","","in","Indonesia","0","0","0","https://twitter.com/KuBet_Indonesia/status/1788792329723138461","1742771543091073024","KuBet_Indonesia"
"1788780259485323544","Fri May 10 03:57:02 +0000 2024","0","Aku ketika bersiap Jumatan teringat Indonesia vs Uzbekistan Iraq dan Guinea. https://t.co/TXwjEhnM2k","1788780259485323544","https://pbs.twimg.com/media/GNKmGPdXMAAhkqU.jpg","","in","","0","0","0","https://twitter.com/FULLTlME/status/1788780259485323544","1689903347535687680","FULLTlME"
"1788766593989931449","Fri May 10 03:02:44 +0000 2024","0","Statistik Jepang U-23 vs Uzbekistan U-23: Samurai Biru yang Tekun dan Layak Juara baca selengkapnya di https://t.co/iHgjhpnVxZ #TimnasIndonesiaU23 #TimnasIndonesia","1788766593989931449","","","in","Indonesia","0","0","0","https://twitter.com/KuBet_Indonesia/status/1788766593989931449","1742771543091073024","KuBet_Indonesia"
"1788719461807341892","Fri May 10 00:05:47 +0000 2024","0","Dimulai dari Indonesia vs Qatar enggak usah jauh-jauh ke kartu merah Rizki Ridho saat melawan Uzbekistan. Lihat video ini! Bahkan orang paling stupid jg tahu yg ini jelas bukan pelanggaran. Emang dari awal kita sudah dijegal kok. https://t.co/TSbU9lP8qT","1788722064075137406","","ImaginarySteady","in","Jakarta, Indonesia","0","1","0","https://twitter.com/ImaginarySteady/status/1788722064075137406","2556873745","ImaginarySteady"
"1788682029707518431","Thu May 09 21:26:42 +0000 2024","1","Indonesia kalahan semenjak pejabat2 caper ngajak nobar vs uzbekistan makin lama tambah ampas","1788682029707518431","","","in","Grogol Petamburan, Indonesia","0","0","0","https://twitter.com/astorlembek/status/1788682029707518431","742993862","astorlembek"
"1788603307826778550","Thu May 09 16:13:53 +0000 2024","0","tepat dua minggu lalu: - Udinese 1-2 Roma - Indonesia 2-2 Korsel (11-10) tepat seminggu lalu: - Roma 0-2 Leverkusen - Indonesia 0-2 Uzbekistan malam ini: - Indonesia 0-1 Guinea - Leverkusen vs Roma ","1788603307826778550","","","in","East Java, Indonesia","0","0","0","https://twitter.com/wan_asr/status/1788603307826778550","84417154","wan_asr"
"1788591008101589062","Thu May 09 15:25:01 +0000 2024","1","Di laga vs Guinea akurasi operan Timnas Indonesia kirain jadi yg terpayah. Ternyata masih lebih parah saat lawan Australia dan Uzbekistan. Yuk perbaiki chemistry-nya üáÆüá© https://t.co/3jp91GhojS","1788591008101589062","https://pbs.twimg.com/media/GNJaCp3a0AA3pOH.jpg","","in","","0","0","0","https://twitter.com/jurnalisatletis/status/1788591008101589062","269906448","jurnalisatletis"
"1787781862020309164","Tue May 07 09:49:45 +0000 2024","0","Jokowi Hibur Timnas Indonesia U-23 Usai Dikalahkan Uzbekistan: Jangan Menyerah Garuda Muda! Baca selengkapnya di https://t.co/QRwvNobSL0 #jokowi #TimnasIndonesia #indonesiavsuzbekistan #AFCU23AsianCup https://t.co/2GK3uvcAg1","1787781862020309164","https://pbs.twimg.com/media/GM959eFb0AAYRsd.jpg","","in","Indonesia","0","0","0","https://twitter.com/KuBet_Indonesia/status/1787781862020309164","1742771543091073024","KuBet_Indonesia"
"1787727080480002337","Tue May 07 06:12:05 +0000 2024","0","Benarkah narasi bahwa Cristiano Ronaldo ikut menyoroti laga antara Indonesia U-23 vs Uzbekistan? https://t.co/kXjIIwrrNR","1787727080480002337","","","in","iNews Tower","0","1","0","https://twitter.com/officialinews_/status/1787727080480002337","132078023","officialinews_"
"1787726659690627159","Tue May 07 06:10:24 +0000 2024","0","SEPEKAN UIN SATU SIP #17 (29 April - 4 Mei 2024) Nobar semifinal AFC U23 Asian Cup 2024 Timnas Indonesia U23 vs Uzbekistan U23. Menteri Agama RI resmikan alih status UIN SATU Tulungagung Gedung Prajnaparamita dan Gedung Startup. Ada agenda apa lagi Sobat SATU? Check it out! https://t.co/l3ywkrZJGm","1787726659690627159","https://pbs.twimg.com/ext_tw_video_thumb/1787726614312448000/pu/img/lresoCqPYWjdPQny.jpg","","in","Tulungagung, Indonesia","0","0","0","https://twitter.com/uin_satu/status/1787726659690627159","4891554254","uin_satu"
"1787726481302655458","Tue May 07 06:09:42 +0000 2024","0","SEPEKAN UIN SATU SIP #17 (29 April - 4 Mei 2024) Nobar semifinal AFC U23 Asian Cup 2024 Timnas Indonesia U23 vs Uzbekistan U23. Menteri Agama RI resmikan alih status UIN SATU Tulungagung Gedung Prajnaparamita dan Gedung Startup. Ada agenda apa lagi Sobat SATU? Check it out! https://t.co/y4soNmvQ3t","1787726481302655458","https://pbs.twimg.com/ext_tw_video_thumb/1787726426520879105/pu/img/L4fLdRvbea9ZB1md.jpg","","in","","0","0","0","https://twitter.com/uinsatu_spark/status/1787726481302655458","1680146792233697280","uinsatu_spark"
"1787717190038519989","Tue May 07 05:32:46 +0000 2024","7","Kalah wasit VAR Indonesia vs Uzbekistan Ma cewe Gigi Lo lewat garis dikit aja off side https://t.co/NJ0Kl2gDxE","1787717190038519989","https://pbs.twimg.com/ext_tw_video_thumb/1787717140055011329/pu/img/AcfI82HyGElZ70xX.jpg","","in","antara ada dan tiada ","1","1","1","https://twitter.com/never_alonely/status/1787717190038519989","1369949963690549248","never_alonely"
"1787697364729475353","Tue May 07 04:14:00 +0000 2024","1","Wasit asal Thailand itu diketahui telah membuat beberapa keputusan yang merugikan Timnas Indonesia. Seperti pada pertandingan Indonesia VS Uzbekistan Indonesia kalah dengan skor 2-0. Begitupun pada pertandingan Indonesia VS Qatar. https://t.co/8yhjIeIVkn","1787697364729475353","","","in","DKI Jakarta, Indonesia","0","0","0","https://twitter.com/voidotid/status/1787697364729475353","1186946650595418116","voidotid"
"1787691150704587104","Tue May 07 03:49:18 +0000 2024","0","1. Indonesia vs. Uzbekistan 2. Heru Budi 3. Zita Anjani","1787691150704587104","","","in","Jakarta Selatan Terbaik ","0","1","0","https://twitter.com/raynoor_/status/1787691150704587104","1250404821435219968","raynoor_"
"1787568241457705231","Mon May 06 19:40:54 +0000 2024","1","Indonesia VS Uzbekistan (2 :1) https://t.co/hU4vjts99N via @YouTube","1787568241457705231","","","in","","0","0","0","https://twitter.com/DakostaAlb52325/status/1787568241457705231","1678407707286487043","DakostaAlb52325"
"1787472584755569076","Mon May 06 13:20:48 +0000 2024","1","Indonesia vs Uzbekistan malah jadi terapiku kalau lagi sedih anjir wkwkwk aku balik sini kalau kesel sama pemainnya wkwkwk daripada nangis lebih baik marah-marah ","1787472584755569076","","","in","ùôºùöõùöú. ùöÉùöìùöòùöé-ùöä-ùöòùöó","0","0","1","https://twitter.com/areaofshitts/status/1787472584755569076","1712236644223582208","areaofshitts"
"1787451812293074996","Mon May 06 11:58:15 +0000 2024","5"," Pertandingan ulang Indonesia VS Uzbekistan Tidak ada informasi resmi dari AFC yang membatalkan kemenangan Uzbekistan atas Indonesia baik dilaman resmi AFC maupun siaran pers. Selengkapnya di https://t.co/sek5YnqEeG #LawanHoax #TurnBackHoax #MAFINDO https://t.co/PXWdNrHw2c","1787451812293074996","https://pbs.twimg.com/media/GM5N7_ibAAA77_e.jpg","","in","Jakarta Pusat, DKI Jakarta","5","0","1","https://twitter.com/TurnBackHoax/status/1787451812293074996","803432630121218048","TurnBackHoax"
"1787423936252453374","Mon May 06 10:07:29 +0000 2024","2","Pernyataan Rafael Struick Sebelum Pertandingan Vs Uzbekistan #KitaGaruda #TimnasDay #timnasindonesia #timnasu #indonesia #sepakbola #sepakbolaindonesia #pssi #sepakboladunia #beritasepakbola #timnasgaruda #indonesiajuara #beritabola #bolaindonesia #sintaeyong https://t.co/7LyApFuMcq","1787423936252453374","https://pbs.twimg.com/ext_tw_video_thumb/1787423820837761024/pu/img/TbJHGKXiiyFU85us.jpg","","in","","0","0","0","https://twitter.com/ProPlay230661/status/1787423936252453374","1728578208315191296","ProPlay230661"
"1787421345330131261","Mon May 06 09:57:12 +0000 2024","2","Pernyataan Rafael Struick Sebelum Pertandingan Vs Uzbekistan #KitaGaruda #TimnasDay #timnasindonesia #timnasu #indonesia #sepakbola #sepakbolaindonesia #pssi #sepakboladunia #beritasepakbola #timnasgaruda #indonesiajuara #beritabola #bolaindonesia #sintaeyong https://t.co/aRAmtVdKuB","1787421345330131261","https://pbs.twimg.com/ext_tw_video_thumb/1787421206272167936/pu/img/coAZW-mb9K7Ge-G5.jpg","","in","JAKARTA ","0","0","0","https://twitter.com/jmankin76/status/1787421345330131261","1730658372","jmankin76"
"1787374065516466273","Mon May 06 06:49:19 +0000 2024","1","Antusiasme Warga Mojokerto Nobar Indonesia Vs Uzbekistan Bareng Forum Koordinasi Pimpinan Daerah (Forkopimda) #olahraga #lifestyle #AFCU23 #TimnasU23 https://t.co/pd1twkRRze","1787374065516466273","","","in","Mojokerto, Jawa Timur","0","0","0","https://twitter.com/InilahMojokerto/status/1787374065516466273","744049433436884992","InilahMojokerto"
"1787363574052270316","Mon May 06 06:07:38 +0000 2024","0","Polda Banten Gelar Nobar Semifinal Timnas Indonesia vs Uzbekistan dalam Ajang Piala Asia U23 Qatar. Yuk Nonton Bareng 29 April 2024 Pukul 20.30 WIB diAula Serbaguna. Jangan Lupa Ramaikan Ya Sobat !!! #Nobartimnas #timnasindonesia #pssi #PolriPresisi Polda Banten @divisihumaspolr https://t.co/oEI3S54iF2","1787363574052270316","https://pbs.twimg.com/media/GM39rA5bMAAr5_l.jpg","","in","Kota Serang, Banten","0","0","0","https://twitter.com/_poldabanten/status/1787363574052270316","1402525522509189121","_poldabanten"
"1787346961110307147","Mon May 06 05:01:37 +0000 2024","0","Wakapolres Banggai Bersama Bupati dan Supporter Garuda Muda Nobar Indonesia VS Uzbekistan https://t.co/FMzZ0wpSnM","1787346961110307147","https://pbs.twimg.com/media/GM3ulDZaQAANFUG.jpg","","in","","0","0","0","https://twitter.com/KalaumangF62221/status/1787346961110307147","1670792776810627074","KalaumangF62221"
"1787153003801367011","Sun May 05 16:10:54 +0000 2024","0","Indonesia vs Uzbekistan:kalah Indonesia vs Iraq:kalah Indonesia vs Guinea: ? Yakin hattrick nih #OlimpiadeParis2024","1787153003801367011","","","in","","1","0","0","https://twitter.com/Puj33nhati/status/1787153003801367011","1346418870731505664","Puj33nhati"
"1787147162478109086","Sun May 05 15:47:41 +0000 2024","0","penalti yang didapat Barcelona semalam proses dapetinnya mirip kayak Witan dilanggar sama pemain Uzbekistan wasit cek var Barca dapat penalti bangke sih emang wasit pas Indonesia vs Uzbekistan itu","1787147162478109086","","","in","","0","0","0","https://twitter.com/Geman_Sinaga/status/1787147162478109086","134006329","Geman_Sinaga"
"1787137570427842830","Sun May 05 15:09:34 +0000 2024","0","Hoax: FIFA Angkat Bicara Soal Wasit VAR Indonesia vs Uzbekistan: https://t.co/6LhQoABJAk Sebuah unggahan mengeklaim Federasi Sepak Bola Internasional (FIFA) angkat bicara soal asisten wasit video atau video assistant referee (VAR) di laga semifinal https://t.co/TcxVJV03nO https://t.co/thaigsPZEr","1787137570427842830","https://pbs.twimg.com/media/GM0wJlMaEAEiplP.jpg","","in","Mataram, Indonesia","0","0","0","https://twitter.com/KoranNTBcom/status/1787137570427842830","3298595227","KoranNTBcom"
"1786968682457162043","Sun May 05 14:43:18 +0000 2024","0","@convomf Indonesia mengalah vs uzbekistan indonesia mengalah di thomas uber cup dan mahalini mengalah demi naik ranjang","1787130958107554132","","convomf","in","√úT: -6.73249,107.04624","0","0","0","https://twitter.com/daisalfaris/status/1787130958107554132","42632262","daisalfaris"
"1787121614196547877","Sun May 05 14:06:10 +0000 2024","0","Terakhir sih ngobrolin pertandingan Indonesia vs Uzbekistan ","1787121614196547877","","","in","Jakarta, Indonesia","0","0","0","https://twitter.com/setsunavie/status/1787121614196547877","64558771","setsunavie"
"1787067792996622364","Sun May 05 10:32:18 +0000 2024","0","Nah emang perlu pengeras suara pengumuman VAR. Inget pas Timnas vs Uzbekistan kemaren sewaktu goal Indonesia dicek VAR dan ternyata goal Indonesia dianulir tapi karna pengumumannya tanpa pengeras suara jadinya supporter sampe komentator kegirangan ngira goal padahal enggak https://t.co/0YdKXPfFnd","1787067792996622364","https://pbs.twimg.com/media/GMzwr0-aUAAuwXO.jpg","","in","","0","0","0","https://twitter.com/This_is_Fer_/status/1787067792996622364","243656241","This_is_Fer_"
"1787045699634516194","Sun May 05 09:53:51 +0000 2024","0","@SiaranBolaLive Harusnya di piala asia harusnya gini juga apalagi penasaran juga percakapan antara wasit utama sama Wasit Var ( Shen Yinhao and Shivakorn Pu-udom) di laga Indonesia Vs Uzbekistan.","1787058115810320521","","SiaranBolaLive","in","Helsinski, Finland","0","0","0","https://twitter.com/RizukiDarkcrow/status/1787058115810320521","1709267420530307072","RizukiDarkcrow"
"1786858603531604192","Sat May 04 20:41:03 +0000 2024","0","Basudara Samua Mari Torang Nonton Bareng Di Polres Kepulauan Sula Indonesia Vs Uzbekistan https://t.co/XXVWL1BF0F","1786858603531604192","https://pbs.twimg.com/media/GMwyaqNaIAAawK0.jpg","","in","","0","0","0","https://twitter.com/nurulpujia32660/status/1786858603531604192","1775483341032271872","nurulpujia32660"
"1786804404383019319","Sat May 04 17:37:00 +0000 2024","0","@UGM_FESS asrama kinanti 1 ender temen aku yang cantik banget tinggal terus disana katanya enak banget dan rame banget apalagi pas kemarin indonesia vs uzbekistan","1786812282506514536","","UGM_FESS","in","","1","0","0","https://twitter.com/alraizzz/status/1786812282506514536","1165914035243479045","alraizzz"
"1786809258241396926","Sat May 04 17:24:59 +0000 2024","0","Korsel u23 vs jepang u23 menang korsel u23 Indonesia u23 vs korsel u23 menang indonesia u23 Uzbekistan u23 vs indonesia u23 menang uzbekistan u23 Jepang u23 vs uzbekistan u23 menang jepang u23 Fix ya indonesia juara sesungguhnya ","1786809258241396926","","","in","","0","0","0","https://twitter.com/wjehskkahshsjka/status/1786809258241396926","1192512607","wjehskkahshsjka"
"1786780422015459562","Sat May 04 15:30:24 +0000 2024","0","Indonesia vs Qatar Indonesia vs Uzbekistan https://t.co/PUtS1TE1jJ","1786780422015459562","","","in","","0","0","0","https://twitter.com/iphank74/status/1786780422015459562","1729172532866211840","iphank74"
"1786769662992379963","Sat May 04 14:47:38 +0000 2024","1","Gol Ferrari Dianulir dan Tuai Polemik di Laga Indonesia VS Uzbekistan Ini Penjelasannya | ROSI https://t.co/7qHSYdqvPH","1786769662992379963","","","in","Indonesia","0","0","0","https://twitter.com/KompasTV/status/1786769662992379963","71436318","KompasTV"
"1786711995644805383","Sat May 04 10:58:29 +0000 2024","0","Jadikan hari ini awal petualangan Anda menuju jackpot. Daftar : https://t.co/DLttoe99IA #uang55 #slotgacor #rtpgacor #situsgacor #situsslotgacor #slotantirungkat #Area86 #UberCup2024 #Komang #Ester #TDS3inSEOUL_DAY3 #indonesiavsuzbekistan https://t.co/CI7uAJhMYm","1786711995644805383","https://pbs.twimg.com/media/GMutCvHXMAAfQbf.jpg","","in","","0","0","0","https://twitter.com/Uang55real/status/1786711995644805383","1744287771194503168","Uang55real"
"1786711842405974246","Sat May 04 10:57:53 +0000 2024","0","Raih kemenangan besar dengan putaran slot di Uang55! Daftar : https://t.co/DLttoe99IA #uang55 #slotgacor #rtpgacor #situsgacor #situsslotgacor #slotantirungkat #Area86 #UberCup2024 #Komang #Ester #TDS3inSEOUL_DAY3 #indonesiavsuzbekistan https://t.co/mYraXU6QC8","1786711842405974246","https://pbs.twimg.com/media/GMuszkfXMAAE0zJ.jpg","","in","","0","0","0","https://twitter.com/Uang55real/status/1786711842405974246","1744287771194503168","Uang55real"
"1786711184818810890","Sat May 04 10:55:16 +0000 2024","0","Siap untuk petualangan slot yang tak terlupakan? Daftar : https://t.co/DLttoe99IA #uang55 #slotgacor #rtpgacor #situsgacor #situsslotgacor #slotantirungkat #Area86 #UberCup2024 #Komang #Ester #TDS3inSEOUL_DAY3 #indonesiavsuzbekistan https://t.co/7xwZhXTe4F","1786711184818810890","https://pbs.twimg.com/media/GMusONaXcAAN2ZM.jpg","","in","","0","0","0","https://twitter.com/Uang55real/status/1786711184818810890","1744287771194503168","Uang55real"
"1786682608555893070","Sat May 04 09:01:43 +0000 2024","0","Pov: Indonesia vs Uzbekistan #nasibakar #nasibakarpakjo #rajanyanasibakar #palembangfood #palembangkuliner #sepakbola https://t.co/hpS3HQmI5p","1786682608555893070","https://pbs.twimg.com/ext_tw_video_thumb/1786682552238903296/pu/img/ezBI-8z7vGSjUH6G.jpg","","in","","0","0","0","https://twitter.com/nasibakarpakjo/status/1786682608555893070","1732995456039636992","nasibakarpakjo"
"1786649657009160385","Sat May 04 06:50:47 +0000 2024","0","Japan pun 1-0 vs Uzbekistan Indonesia as debutan 0-2 vs Uzbekistan.. See what I mean? https://t.co/E9ME1RiDEp","1786649657009160385","","","in","Bandung","0","0","0","https://twitter.com/YaniZhu/status/1786649657009160385","59021200","YaniZhu"
"1786611473084825714","Sat May 04 04:19:03 +0000 2024","0","Dari pertandingan indonesia vs uzbekistan kita bisa belajar karena itulah kenapa 01 dan 03 sampai menggugat ke mk...","1786611473084825714","","","in","Sukoharjo, Indonesia","0","0","0","https://twitter.com/Khasan86853611/status/1786611473084825714","1220770060903440384","Khasan86853611"
"1786601950798315749","Sat May 04 03:41:13 +0000 2024","0","Indonesia vs Guinea: Berikut Jadwal dan Prediksi: https://t.co/6LhQoABJAk Jepang berhasil mengangkat trofi Piala Asia U23 2024 usai unggul tipis 1-0 melawan Uzbekistan. Sementara Indonesia gagal lolos juara 3 usai kalah melawan Irak dengan skor 2:1. https://t.co/lkCnxWL8TP https://t.co/k5XOBjBzgn","1786601950798315749","https://pbs.twimg.com/media/GMtJAX_aoAAdbXI.jpg","","in","Mataram, Indonesia","0","0","0","https://twitter.com/KoranNTBcom/status/1786601950798315749","3298595227","KoranNTBcom"
"1786450331074998759","Sat May 04 02:51:14 +0000 2024","1","@FaktaSepakbola Uzbekistan VS Jepang : 0-1 Jepang VS Korsel : 0-1 Korsel VS : Indonesia : 10-11 Indonesia : Uzbekistan : 0-2 Bola itu memang Bundar ","1786589375465435342","","FaktaSepakbola","in","","0","0","0","https://twitter.com/Adhikatama1/status/1786589375465435342","1521430888378028036","Adhikatama1"
"1786566118154613134","Sat May 04 01:18:50 +0000 2024","0","Mission 3 + Final Rank Piala asia AFC U-23 2024 Peringkat 1-3 Debut to Olimpiade Paris 2024 Peringkat 4 harus melakukan misi terakhir vs Guinea 1. Jepang (+2) 2. Uzbekistan (-1) 3. Iraq (-1) 4. Indonesia (-) ‚è≥","1786566118154613134","","","in","","0","0","0","https://twitter.com/Bidgetlow/status/1786566118154613134","1325344532121047040","Bidgetlow"
"1786531183544946879","Fri May 03 23:00:00 +0000 2024","0","Harga tiket termahal Indonesia vs Uzbekistan U23 2024 tembus Rp892 515 ludes tanpa sisa https://t.co/skJ9p1lBAM","1786531183544946879","","","in","Jakarta Capital Region","0","0","0","https://twitter.com/idx_channel/status/1786531183544946879","4755284968","idx_channel"
"1786526207829500015","Fri May 03 22:40:14 +0000 2024","0","Selamat Jepang Juara Piala Asia U23 2024 Jepang vs Uzbekistan 1-0 &amp; Irak Juara 3 Irak vs Indonesia 2-1 Urutan akhir AFC U-23 Asian Cup 2024 1.Jepang 2.Uzbek 3.Irak 4.INDONESIA 5.Korea Sel 6.Vietnam 7.Qatar https://t.co/JrFvx1jeeP Saudi 9.Tiongkok 10.Tajikistan #Elkan #Thomas https://t.co/c0ZamGXHIm","1786526207829500015","https://pbs.twimg.com/media/GMsEE6oaEAA4TPO.jpg","","in","Jakarta, Indonesia","1","0","0","https://twitter.com/MKorpora/status/1786526207829500015","1463771354402988040","MKorpora"
"1786452309276582138","Fri May 03 17:46:35 +0000 2024","0","Uzbekistan U23 sekalinya kebobolan langsung gak jadi juara.. vs Malaysia 2-0 vs Kuwait 5-0 vs Vietnam 3-0 vs Saudi Arabia 2-0 vs Indonesia 2-0 Selamat untuk tim Jepang U23 ","1786452309276582138","","","in","Indonesia","0","0","0","https://twitter.com/rizqiizzuddin11/status/1786452309276582138","232485373","rizqiizzuddin11"
"1786447099669950570","Fri May 03 17:25:53 +0000 2024","0","plot twist: final jepang vs uzbekistan dua-duanya kalah lalu indonesia otomatis lolos olimpide paris. üáÆüá©","1786447099669950570","","","in","Jakarta - Lombok","0","2","0","https://twitter.com/ikramarki/status/1786447099669950570","26541119","ikramarki"
"1786432271735566557","Fri May 03 16:26:58 +0000 2024","1","Jujur Jepang vs uzbek agak boring di nonton bahkan game play Jepang gk jalan di obok2 sama Uzbekistan solid banget tapi cmon Jepang banyak kan support Indonesia yang dukung di tribun","1786432271735566557","","","in","","0","1","0","https://twitter.com/dsa32_moonlight/status/1786432271735566557","2997186157","dsa32_moonlight"
"1786426875059060741","Fri May 03 16:05:31 +0000 2024","4","Nonton Jepang vs Uzbekistan meskipun aku dukung Indonesia ","1786426875059060741","","","in","Kediri, Jawa Timur ","0","2","0","https://twitter.com/urfiucer/status/1786426875059060741","759385426935189505","urfiucer"
"1786103441611448378","Thu May 02 18:40:19 +0000 2024","0","yg ini murni gpp kalah lawan irak dripda prev match indonesia vs uzbekistan pdhl uzb ny bagus mainnya mskipun ngedrama tpi wasit ny bener2 kek tai","1786103441611448378","","","in","üå∏ Flower Capital, Wano Kuni","0","0","0","https://twitter.com/kiiroorigami/status/1786103441611448378","136628637","kiiroorigami"
"1786101120773022012","Thu May 02 18:31:06 +0000 2024","0","Forkopimda dan KONI Garut Gelar Nobar Semifinal Piala Asia Timnas Indonesia U-23 Vs Uzbekistan: Forum Komunikasi Pemerintah Kabupaten Garut (Forkopimda) dan Komite Olahraga Nasional Indonesia (KONI) Garut akan mengelar Nonton Bareng (Nobar) https://t.co/sGqNRQLBvG https://t.co/ykLsQkrq0I","1786101120773022012","https://pbs.twimg.com/media/GMmBgTxaYAAopak.jpg","","in","","0","0","0","https://twitter.com/flowerpedi23790/status/1786101120773022012","1689972918078554112","flowerpedi23790"
"1786091561153085614","Thu May 02 17:55:14 +0000 2024","0","@idextratime Korea Selatan VS Indonesia (120 Menit+) Indonesia VS Uzbekistan (90 Menit) Indonesia VS Iraq (120 Menit+) Apa gak tepar tuh pemain","1786092095536824619","","idextratime","in","","0","0","0","https://twitter.com/Rggatpg/status/1786092095536824619","1477620912","Rggatpg"
"1786082873315057883","Thu May 02 17:18:35 +0000 2024","0","Forkopimda Bersama Masyarakat Bantaeng Nobar Semi Final AFC U-23 Indonesia VS Uzbekistan https://t.co/nQivltqxiR","1786082873315057883","","","in","Jln. Gatot Subroto Raya","0","0","0","https://twitter.com/MeleknewsId/status/1786082873315057883","1352548203309244418","MeleknewsId"
"1786071444688175548","Thu May 02 16:33:10 +0000 2024","0","Kedekatan Personil Polres Ende saat Nonton bareng Pertandingan Semifinal Piala Asia U-23 antara Indonesia Vs Uzbekistan Ayo dukung Timnas Indonesia yang berlaga di Piala Asia U-23 https://t.co/sxaNNo3guH","1786071444688175548","https://pbs.twimg.com/media/GMlmgl7aMAAW82z.jpg","","in","","0","0","0","https://twitter.com/SupardinPardin3/status/1786071444688175548","1496247708725616640","SupardinPardin3"
"1786070239605821686","Thu May 02 16:28:23 +0000 2024","0","Dukung perjuangan timnas Indonesia Kapolres Ende bersama instansi terkait dan masyarakat Kab.Ende adakan Nonton Bareng Piala Asia U-23 Indonesia Vs Uzbekistan dihalaman parkir Polres Ende. https://t.co/nEDi4h4oDc","1786070239605821686","https://pbs.twimg.com/media/GMllamcbUAAdFCM.jpg","","in","East Nusa Tenggara, Indonesia","0","0","0","https://twitter.com/humasresende/status/1786070239605821686","1588143217005907969","humasresende"
"1786068724052799668","Thu May 02 16:22:22 +0000 2024","0","HT: Iraq Vs Indonesia..1-1..Indonesia bermain baik..beda banget lawan Uzbekistan kemaren..lebih banyak pegang bola...lebih gampang buat peluang gol..semuan pemain ok..lemah di umpan crossing lambung aja ni Indonesia..semoga stamina terjaga sama semangat *yuk menang IndonesiaüáÆüá©","1786068724052799668","","","in","Pekanbaru (RIAU)","0","0","0","https://twitter.com/RismanSyaif48/status/1786068724052799668","2723491230","RismanSyaif48"
"1786067640055906707","Thu May 02 16:18:03 +0000 2024","0","Jadi kalo Indonesia menang ini! Nanti akan melawan pemenang antara Jepang vs Uzbekistan! Baru deh kalo menang lagi nanti lawan Mike Tyson #Kacaukan","1786067640055906707","","","in","Banda Aceh, Indonesia","0","0","0","https://twitter.com/budsonmeds/status/1786067640055906707","35190027","budsonmeds"
"1786067213558185993","Thu May 02 16:16:21 +0000 2024","0","Indonesia VS Iraq tidak semenarik Indonesia VS Uzbekistan. Bola tidak mengalir tidak satu-dua sentuhan jarak antara pemain berjauhan membosankan","1786067213558185993","","","in","","0","0","0","https://twitter.com/fadli_syairil/status/1786067213558185993","629014802","fadli_syairil"
"1786062473570972052","Thu May 02 15:57:31 +0000 2024","2","Ini mah memang kemarin UZBEKISTAN IMBA banget Indonesia vs Irak.","1786062473570972052","","","in","","0","0","0","https://twitter.com/aray__raya/status/1786062473570972052","602389514","aray__raya"
"1786061961937219910","Thu May 02 15:55:29 +0000 2024","0","Wasite kok mbelo indonesia? Wkwkw #Uzbekistan Indonesia vs Iraq","1786061961937219910","","","in","","0","0","0","https://twitter.com/octavia020/status/1786061961937219910","1006060200","octavia020"
"1786060355795652817","Thu May 02 15:49:06 +0000 2024","0","17' TENDANGAN VOLLY NATHAN diselamatkan Kiper uzbekistan Indonesia vs Irak #TimnasDay #TimnasU23 #AFCU23 #AFCU23AsianCup #GarudaMendunia","1786060355795652817","","","in","","0","0","0","https://twitter.com/Kangzeters/status/1786060355795652817","1576345825092853760","Kangzeters"
"1786060042460131791","Thu May 02 15:47:52 +0000 2024","1","Keseruan Wali Kota Depok Mohammad Idris Nonton Bareng (Nobar) warga Depok Semi Final AFC U-23 ASIAN CUP 2024 Indonesia Vs Uzbekistan Senin (29/04/2024). https://t.co/u61GlxkTiZ","1786060042460131791","https://pbs.twimg.com/media/GMlcI1La0AALWgf.jpg","","in","Margonda Raya No. 54 Depok","0","0","0","https://twitter.com/Humas_depok/status/1786060042460131791","562649371","Humas_depok"
"1786058530870714871","Thu May 02 15:41:51 +0000 2024","0","10' akselerasi Witan di langgar oleh pemain uzbekistan. Indonesia vs Irak #TimnasDay #TimnasU23 #AFCU23 #AFCU23AsianCup #GarudaMendunia","1786058530870714871","","","in","","0","0","0","https://twitter.com/Kangzeters/status/1786058530870714871","1576345825092853760","Kangzeters"
"1786057496391729210","Thu May 02 15:37:45 +0000 2024","0","Indonesia vs Irak sudah rame sejak menit-menit awal berbeda dg pertandingan melawan Uzbekistan agak pelan kedua team dimenit menit awal. Ayoo Indonesia #TimNasDay #AFCU23AsianCup","1786057496391729210","","","in","","0","0","0","https://twitter.com/Au_rinjani/status/1786057496391729210","304188871","Au_rinjani"
"1786056955792069031","Thu May 02 15:35:36 +0000 2024","1","Polres Gayo Lues Gelar Nonton Bareng Pertandingan Piala AFC U-23 Indonesia Vs Uzbekistan di Polsek Blangkejeren https://t.co/LJP0yqUYcZ","1786056955792069031","https://pbs.twimg.com/media/GMlZVA6aQAA-Brg.jpg","","in","Blang Kejeran, Indonesia","0","0","0","https://twitter.com/HumasLues/status/1786056955792069031","1254695079500865536","HumasLues"
"1786056769804153269","Thu May 02 15:34:51 +0000 2024","0","4' Serangan pertama dari Indonesia sudah berhadapan dengan Kiper uzbekistan Stroyer OFFSIDE Indonesia vs Irak #TimnasDay #TimnasU23 #AFCU23 #AFCU23AsianCup #GarudaMendunia","1786056769804153269","","","in","","0","0","0","https://twitter.com/Kangzeters/status/1786056769804153269","1576345825092853760","Kangzeters"
"1786054976110051396","Thu May 02 15:27:44 +0000 2024","0","https://t.co/MLdl6qFqCR Presiden AFC HE Shaikh Salman bin Ebrahim Al Khalifa mengatakan pertandingan semifinal Piala Asia U-23 2024 antara Timnas U-23 Indonesia vs Uzbekistan sangat layak diulang. Kedua wasit ini diduga bekerja sama ingin merugikan timnas U-23 Indonesia.","1786054976110051396","","","in","Love Indonesia ","0","0","0","https://twitter.com/aryabaktifarma/status/1786054976110051396","1758524790426722304","aryabaktifarma"
"1786053184261410837","Thu May 02 15:20:37 +0000 2024","0","Libatkan Huadi Group Serikat Buruh di Bantaeng Nobar Semifinal Indonesia Vs Uzbekistan https://t.co/xRqDcpQowg","1786053184261410837","","","in","Jln. Gatot Subroto Raya","0","0","0","https://twitter.com/MeleknewsId/status/1786053184261410837","1352548203309244418","MeleknewsId"
"1786044175420723263","Thu May 02 14:44:49 +0000 2024","3","TimnasDay Starting Line-Up Indonesia U23 VS Uzbekistan U23 Malam penentuan apakah indonesia akan lolos ke Olimpiade Paris 2024 atau tidak Semangat garudaku üáÆüá© #AFCU23AsianCup #TimnasDay #jktjourney https://t.co/asyPfdhDSE","1786044175420723263","https://pbs.twimg.com/media/GMlNs7RaYAAh9Be.jpg","","in","","0","0","0","https://twitter.com/jktjourneymedia/status/1786044175420723263","1592417860134924288","jktjourneymedia"
"1786028153527501189","Thu May 02 13:41:09 +0000 2024","2","Dukung Garuda Muda di Pentas Asia Kapolres Belu bersama Bupati dan Forkopimda Nobar Semi Final Piala AFC U- 23 Indonesia VS Uzbekistan https://t.co/3WjKpJKV3E","1786028153527501189","https://pbs.twimg.com/media/GMk_Hoza0AAZTbm.jpg","","in","Atambua","0","0","0","https://twitter.com/res_belu/status/1786028153527501189","1266288138751631363","res_belu"
"1786027958295257413","Thu May 02 13:40:22 +0000 2024","2","Dukung Garuda Muda di Pentas Asia Polres Belu Gelar Nobar Semi Final Piala AFC U- 23 Indonesia VS Uzbekistan https://t.co/eeGVfdR20P","1786027958295257413","https://pbs.twimg.com/media/GMk-7c0bkAAGe_m.jpg","","in","Atambua","0","0","0","https://twitter.com/res_belu/status/1786027958295257413","1266288138751631363","res_belu"
"1786027789164105758","Thu May 02 13:39:42 +0000 2024","2","Dukung Garuda Muda di Pentas Asia Polsek Kakuluk Mesak Gelar Nobar Semi Final Piala AFC U- 23 Indonesia VS Uzbekistan https://t.co/S0j6U4J4Rt","1786027789164105758","https://pbs.twimg.com/media/GMk-q7zbYAAVIpt.png","","in","Atambua","0","0","0","https://twitter.com/res_belu/status/1786027789164105758","1266288138751631363","res_belu"
"1786026959103000674","Thu May 02 13:36:24 +0000 2024","3","Dukung Perjuangan Garuda Muda Polsek Tasifeto Barat Gelar Nobar Semi Final Piala AFC U- 23 Indonesia VS Uzbekistan https://t.co/9LQhrFpegV","1786026959103000674","https://pbs.twimg.com/media/GMk-CKgacAAYGIy.jpg","","in","Atambua","0","0","0","https://twitter.com/res_belu/status/1786026959103000674","1266288138751631363","res_belu"
"1786021796367733044","Thu May 02 13:15:53 +0000 2024","0","INGAT ‚ÄºÔ∏è‚ÄºÔ∏è‚ÄºÔ∏è WASIT CURANG CHINA INI SAAT INDONESIA VS UZBEKISTAN Lawan terberat ialah Wasit BISMILLAH üáÆüá© Indonesia 3-1 Irak #TimnasOTWParis #IndonesiaU23 #TimnasDay https://t.co/ZKFKS0MsNB","1786021796367733044","https://pbs.twimg.com/media/GMk5W83aMAIh_yH.jpg","","in","","0","0","0","https://twitter.com/NegaraRepublik/status/1786021796367733044","1707232187211526144","NegaraRepublik"
"1786019810746462697","Thu May 02 13:08:00 +0000 2024","1","Wah wahhhhh... Ada #SobatData dari negara nun jauh datang ke kantor.... Yaps #SobatData yang satu ini berasal dari Uzbek nih guys... Meskipun laga Semi Final AFC 2024 Indonesia vs Uzbekistan menuai kontroversial dan tamu kita ini cukup unik petugas #PST tetap melayani dengan https://t.co/RPrFo4zDPn","1786019810746462697","https://pbs.twimg.com/ext_tw_video_thumb/1786018193225687040/pu/img/wFfnfT9NNmwMyCPb.jpg","","in","Wonogiri, Indonesia","0","0","0","https://twitter.com/bpskabwonogiri/status/1786019810746462697","969474609962561536","bpskabwonogiri"
"1786016580968808531","Thu May 02 12:55:10 +0000 2024","0","setelah nonton Indonesia vs Uzbekistan kemarin aku ngobrol sama bapaku. dan disitu aku baru tau kalau mas ku pernah mengubur mimpi nya dalam dalam di sepak bola hanya karena kondisi ekonomi","1786016580968808531","","","in","","0","1","0","https://twitter.com/livianjay/status/1786016580968808531","1700029229172490240","livianjay"
"1786005832137949691","Thu May 02 12:12:27 +0000 2024","0","Jerome Polin mendadak dijadikan kambing hitam dalam kekalahan Timnas Indonesia vs Uzbekistan di Semifinal Piala Asia U-23 2024 semalam Senin (30/4/2024). #jeromepolin #klarfikasi #kutukkanjeromepolin #timnasu23 #jeromepolin #timnasindonesia #sepakbola #beritatimnasindonesia https://t.co/R3HxrcJc8w","1786005832137949691","https://pbs.twimg.com/ext_tw_video_thumb/1786005797207703552/pu/img/l7G8q69zRzpkaVQC.jpg","","in","sukabumi ,jawa barat","0","0","0","https://twitter.com/fauzia_agisti/status/1786005832137949691","1336209241","fauzia_agisti"
"1786003184810701130","Thu May 02 12:01:56 +0000 2024","0","tema sts besok adalah uzbekistan vs indonesia","1786003184810701130","","","in","Row 1 ","0","0","0","https://twitter.com/WXS_48/status/1786003184810701130","1904203494","WXS_48"
"1786002206417891466","Thu May 02 11:58:02 +0000 2024","0","Malam ini tidak semeriah saat Indonesia vs Uzbekistan mungkin karena mendung sedikit sedikit hujan lagi jadi nobarnya berkurang.","1786002206417891466","","","in","","0","0","0","https://twitter.com/andi777h/status/1786002206417891466","1765947430913314816","andi777h"
"1785999522046550328","Thu May 02 11:47:22 +0000 2024","0","Dicari orang hilang dengan ciri-ciri: - pejabat - berpakaian seragam dinas - terakhir terlihat di poster Indonesia Vs Uzbekistan","1785999522046550328","","","in","","0","0","0","https://twitter.com/mulaka_/status/1785999522046550328","1453376035257348101","mulaka_"
"1785997554502742304","Thu May 02 11:39:33 +0000 2024","0","Pengamat Sepak Bola Justinus Lhaksana sebut pressure yang tinggi jadi salah satu faktor kalahnya Indonesia pada pertandingan Indonesia vs Uzbekistan. Saksikan #HotroomMetroTV episode TETAP MENYALA GARUDA MUDA! di https://t.co/fbJ1QFRGIE #TimnasIndonesia #TimnasU23 #PialaAsia https://t.co/MWN2zZUKK2","1785997554502742304","https://pbs.twimg.com/ext_tw_video_thumb/1785997460231667712/pu/img/_zTv05WcTfChtAsh.jpg","","in","","0","0","0","https://twitter.com/Metro_TV/status/1785997554502742304","57261519","Metro_TV"
"1785997187887038752","Thu May 02 11:38:06 +0000 2024","0","Goal bunuh diri terus terjadi ini alasannya! Saksikan #HotroomMetroTV episode TETAP MENYALA GARUDA MUDA! di https://t.co/fbJ1QFRGIE #TimnasIndonesia #TimnasU23 #PialaAsia #SepakBola #pialaasiau23 #indonesiavsirak #indonesiavsuzbekistan https://t.co/nGE8BnfEzb","1785997187887038752","https://pbs.twimg.com/ext_tw_video_thumb/1785997095360688129/pu/img/5jcSg7oFD0xWr6-I.jpg","","in","","0","0","0","https://twitter.com/Metro_TV/status/1785997187887038752","57261519","Metro_TV"
"1785992158954299713","Thu May 02 11:18:07 +0000 2024","6","Begini penjelasan Justinus Lhaksana atas offsidenya Sananta pada pertandingan Indonesia vs Uzbekistan kemarin! Saksikan #HotroomMetroTVepisode TETAP MENYALA GARUDA MUDA! di https://t.co/fbJ1QFRGIE #TimnasIndonesia #TimnasU23 #PialaAsia #SepakBola #pialaasiau23 https://t.co/ret4shioPj","1785992158954299713","https://pbs.twimg.com/ext_tw_video_thumb/1785992098757660672/pu/img/OntO9yWrH6XuaQFK.jpg","","in","","0","0","1","https://twitter.com/Metro_TV/status/1785992158954299713","57261519","Metro_TV"
"1785990909093638207","Thu May 02 11:13:09 +0000 2024","2","3 Narasumber Hotroom sepakat atas offsidenya Sananta pada pertandingan Indonesia vs Uzbekistan kemarin! Saksikan #HotroomMetroTVepisode TETAP MENYALA GARUDA MUDA! di https://t.co/fbJ1QFRGIE #TimnasIndonesia #TimnasU23 #PialaAsia #SepakBola #pialaasiau23 #indonesiavsirak https://t.co/Pk9qA7NA7z","1785990909093638207","https://pbs.twimg.com/ext_tw_video_thumb/1785990711785238528/pu/img/DVXdxbZ5ynz0GKGY.jpg","","in","","0","0","0","https://twitter.com/Metro_TV/status/1785990909093638207","57261519","Metro_TV"
"1785988075916791869","Thu May 02 11:01:54 +0000 2024","1","Sedikit cuplikan dari nobar Timnas Indonesia vs Uzbekistan hari Senin lalu nih Sekelik Yuk bisa yuk malam ini lebih tertib lagi yaa. Sekelik ada cerita apa nih pas nobar di Tugu Adipura kemarin? Share di reply ya! Repost from: TT/jkuki__ #LampungGeh https://t.co/rGyrUsroO3","1785988075916791869","https://pbs.twimg.com/amplify_video_thumb/1785987906282328065/img/TYBP5EA42Cy_OGCi.jpg","","in","Bandar Lampung, Lampung","0","0","0","https://twitter.com/lampunggehh/status/1785988075916791869","364003504","lampunggehh"
"1785977892167659927","Thu May 02 10:21:26 +0000 2024","0","Vasit var yang sama dengan pertandingan Indonesia vs Uzbekistan mungkinkah berulah? $XTER @XterioGames #TimnasIndonesiaU23 #TimNasDay https://t.co/uVaxLGgv7N","1785977892167659927","https://pbs.twimg.com/media/GMkRbZ5aQAABMOV.jpg","","in","","0","0","0","https://twitter.com/adiviking7802/status/1785977892167659927","732074397951889409","adiviking7802"
"1785973986314330223","Thu May 02 10:05:54 +0000 2024","2","Keseruan nobar semifinal Piala Asia U-23 Indonesia vs Uzbekistan Tetap semangat Indonesia ku #AFCU23 #TimnasIndonesiaU23 https://t.co/dvAJhKeMlV","1785973986314330223","https://pbs.twimg.com/media/GMkN4CkaEAAGE7p.jpg","","in","","0","0","0","https://twitter.com/Farah12ischy/status/1785973986314330223","186319439","Farah12ischy"
"1785973718596133188","Thu May 02 10:04:50 +0000 2024","2","Keseruan nobar semifinal Piala Asia U-23 Timnas Indonesia vs Uzbekistan Tetap semangat Indonesia ku #AFCU23 #TimnasIndonesiaU23 https://t.co/wOPevdpYZi","1785973718596133188","https://pbs.twimg.com/media/GMkNodAa0AAwSF8.jpg","","in","banten","0","0","0","https://twitter.com/engka_sifa/status/1785973718596133188","230598450","engka_sifa"
"1785972331145465898","Thu May 02 09:59:20 +0000 2024","0","Tebak skor Indonesia vs Irak! Gimana nih prediksi kalian? Tulis di kolom komentar ya! Saksikan #HotroomMetroTVepisode TETAP MENYALA GARUDA MUDA! di https://t.co/fbJ1QFRGIE #TimnasIndonesia #TimnasU23 #PialaAsia #SepakBola #pialaasiau23 #indonesiavsirak #indonesiavsuzbekistan https://t.co/a3uP9bY0Be","1785972331145465898","https://pbs.twimg.com/ext_tw_video_thumb/1785972264791662592/pu/img/J5OlLKcjYwTelUY3.jpg","","in","","0","3","0","https://twitter.com/Metro_TV/status/1785972331145465898","57261519","Metro_TV"
"1785970895003304100","Thu May 02 09:53:37 +0000 2024","0","Dunia Sepakbola disoroti oleh banyak Pulak akibat tidak adilnya Wasit yg mempunyai Pertandingan Indonesia VS Uzbekistan CR 7 : Indonesia akan menang kalau tidak dicurangi Wasit messi : Sehebat apapun Tim Sepakbola Kalau Wasitnya seperti itu akan kalah juga.","1785970895003304100","","","in","","0","0","0","https://twitter.com/sandyalfia96694/status/1785970895003304100","1645817665662115842","sandyalfia96694"
"1785957303734452570","Thu May 02 08:59:37 +0000 2024","0","Ini kekurangan Timnas Indonesia pada pertandingan Indonesia vs Uzbekistan menurut Akmal Marhali! Saksikan #HotroomMetroTVepisode TETAP MENYALA GARUDA MUDA! di https://t.co/fbJ1QFRGIE #TimnasIndonesia #TimnasU23 #PialaAsia #SepakBola #pialaasiau23 #indonesiavsirak https://t.co/z9ZPsswlDM","1785957303734452570","https://pbs.twimg.com/ext_tw_video_thumb/1785957142836690944/pu/img/r20TAcUH0O34dkJE.jpg","","in","","0","0","0","https://twitter.com/Metro_TV/status/1785957303734452570","57261519","Metro_TV"
"1785956846882406770","Thu May 02 08:57:48 +0000 2024","0","Jadwal Final dan Perebutan Juara 3 Piala Asia U-23 2024 Indonesia vs Irak dan Jepang vs Uzbekistan https://t.co/Iubji9u1vC Irak | Chika | #ThomasCup2024 | CAKEP BANGET | Tempe | Semangat | KIPK | Amanda Zahra | Giselle | GANTENG BANGET","1785956846882406770","","","in","Indonesia","0","0","0","https://twitter.com/KoranMandalaCom/status/1785956846882406770","1387556101","KoranMandalaCom"
"1785956597870793099","Thu May 02 08:56:49 +0000 2024","1","Seberapa berpengaruh hilangnya Rafael Struick pada pertandingan Indonesia vs Uzbekistan? Saksikan #HotroomMetroTVepisode TETAP MENYALA GARUDA MUDA! di https://t.co/fbJ1QFRGIE #TimnasIndonesia #TimnasU23 #PialaAsia #SepakBola #pialaasiau23 #indonesiavsirak https://t.co/ni8xTddinv","1785956597870793099","https://pbs.twimg.com/ext_tw_video_thumb/1785956527075188736/pu/img/SkuNVv_XMk1Ms1u4.jpg","","in","","0","0","0","https://twitter.com/Metro_TV/status/1785956597870793099","57261519","Metro_TV"
"1785956532485824703","Thu May 02 08:56:33 +0000 2024","1","Raja Thailand Vajiralongkorn sampai tidak habis pikir terhadap wasit asal negaranya. Wasit Far yang merupakan warga Thailand semestinya tidak perlu berbuat curang pada laga semifinal Piala Asia U-23 2024 Indonesia vs Uzbekistan @shintaeyoeng #viral #beritaviral #hotnews #fifa https://t.co/aQLqzTgwru","1785956532485824703","https://pbs.twimg.com/ext_tw_video_thumb/1785956502257463296/pu/img/dBmGtJ15rbKYojkw.jpg","","in","Cirebon, Jawa Barat","0","0","0","https://twitter.com/kiontonogorodjo/status/1785956532485824703","1601674105681776641","kiontonogorodjo"
"1785955324203294868","Thu May 02 08:51:45 +0000 2024","0","Kalah dari Uzbekistan pelatih atau pemain yang kurang baik? Saksikan #HotroomMetroTVepisode TETAP MENYALA GARUDA MUDA! di https://t.co/fbJ1QFRGIE #TimnasIndonesia #TimnasU23 #PialaAsia #SepakBola #pialaasiau23 #indonesiavsirak #indonesiavsuzbekistan https://t.co/7wxLcGA6wV","1785955324203294868","https://pbs.twimg.com/ext_tw_video_thumb/1785955271019532288/pu/img/HFV590q7MouUo6T5.jpg","","in","","0","0","0","https://twitter.com/Metro_TV/status/1785955324203294868","57261519","Metro_TV"
"1785955164630966464","Thu May 02 08:51:07 +0000 2024","0","AYO NOBAR Semifinal AFC¬†U-23¬†Asian Cup¬†2024 Indonesia vs Uzbekistan Saksikanlah aksi Timnas Garuda Indonesia melawan Timnas Uzbekistan dalam laga semifinal Piala AFC¬†U-23¬†Asian Cup¬†2024 pada Senin 29 April 2024 pukul 21.00 WIB #PengabdianPenuhPrestasi. https://t.co/mdiLf3B8Rn","1785955164630966464","https://pbs.twimg.com/media/GMj8v4nboAANMyO.jpg","","in","Kebon Jeruk, Indonesia","0","0","0","https://twitter.com/HumasSubbag/status/1785955164630966464","1210135779218821121","HumasSubbag"
"1785954278760390821","Thu May 02 08:47:36 +0000 2024","2","Polda Jateng menggelar Nobar (nonton bareng) babak semifinal Tim Nasional (Timnas) Indonesia U-23 vs Uzbekistan dalam ajang Piala AFC Asian Cup U-23 Tahun 2024. Nobar dilaksanakan di lapangan Apel Mapolda Jateng Kota semarang Senin (29/4/29) malam. https://t.co/4gJLMWX35Z","1785954278760390821","https://pbs.twimg.com/ext_tw_video_thumb/1785954196153679872/pu/img/KSR0m79V72bzrqUM.jpg","","in","","0","1","0","https://twitter.com/poldajateng_/status/1785954278760390821","2558329639","poldajateng_"
"1785954099500040462","Thu May 02 08:46:53 +0000 2024","1","Nonton Bareng Indonesia Vs Uzbekistan Rumah Di Bobol Maling https://t.co/oQQJUvvi06","1785954099500040462","https://pbs.twimg.com/ext_tw_video_thumb/1785953603959820288/pu/img/dV0Incci4qYtphLx.jpg","","in","Komplek Grha Pena Riau KM 10,5","0","0","0","https://twitter.com/riautv/status/1785954099500040462","297308696","riautv"
"1785953824831877551","Thu May 02 08:45:49 +0000 2024","0","Polda Jateng menggelar Nobar (nonton bareng) babak semifinal Tim Nasional (Timnas) Indonesia U-23 vs Uzbekistan dalam ajang Piala AFC Asian Cup U-23 Tahun 2024. Nobar dilaksanakan di lapangan Apel Mapolda Jateng Kota semarang. Senin (29/4/29) malam","1785953829638566051","","poldajateng_","in","","0","0","0","https://twitter.com/poldajateng_/status/1785953829638566051","2558329639","poldajateng_"
"1785952390581272867","Thu May 02 08:40:05 +0000 2024","0","Daftar Wasit Laga Indonesia U-23 vs Irak Ada Thailand dan Uzbekistan https://t.co/25a8JfA3N9","1785952390581272867","","","in","Jakarta","0","0","0","https://twitter.com/erakinimedia/status/1785952390581272867","1666299675329298433","erakinimedia"
"1785951635845656579","Thu May 02 08:37:06 +0000 2024","0","Lokasi Nobar di Kaltim Timnas Indonesia vs Uzbekistan Malam Ini! Ada Balikpapan Samarinda Kukar - Tribun Kaltim https://t.co/to3taF9ad2","1785951635845656579","","","in","Samarinda","0","0","0","https://twitter.com/News_Kaltim/status/1785951635845656579","1298254398","News_Kaltim"
"1785950891331481611","Thu May 02 08:34:08 +0000 2024","1","Timnas Indonesia U-23 vs Irak akan bertanding pada Kamis (2/5/2024) di laga Piala Asia U-23. Namun Rizky Ridho absen dari pertandingan tersebut lantaran pada laga melawan Uzbekistan mendapatkan kartu merah. . Shin Tae-yong diprediksi akan kembali mengandalkan formasi 3-4-3 https://t.co/FyUv1PEup7","1785950891331481611","https://pbs.twimg.com/media/GMj42o6bEAA5LV9.jpg","","in","Indonesia","0","0","0","https://twitter.com/pikiran_rakyat/status/1785950891331481611","58880688","pikiran_rakyat"
"1785949746915647926","Thu May 02 08:29:35 +0000 2024","0","#News #indonesiavsuzbekistan #indonesiavsuzbekistandiulang Peluang Indonesia vs Uzbekistan Diulang Bercermin dari Pengalaman Lawan Qatar: Publik belum lama ini dihebohkan dengan beredarnya isu yang menyebut Komite Wasit AFC merekomendasikan agar https://t.co/FakSZoYPwi","1785949746915647926","","","in","Makassar, Indonesia","0","0","0","https://twitter.com/terkinidotid/status/1785949746915647926","123757780","terkinidotid"
"1785947033456537943","Thu May 02 08:18:48 +0000 2024","1","Ada nama Sivakorn Pu-Udom dalam daftar wasit laga Indonesia vs Irak di Piala Asia U-23 2024. Sivakorn sebelumnya viral di laga Indonesia Vs Uzbekistan. https://t.co/uKPKlW7HIE","1785947033456537943","","","in","Jakarta","0","0","0","https://twitter.com/detiksport/status/1785947033456537943","135783107","detiksport"
"1785943721600856405","Thu May 02 08:05:39 +0000 2024","0","Terimakasih Garuda Muda Indonesia! Kami bangga! #TimnasU23 #AFCU23 #GarudaMendunia #TimnasIndonesia #TimnasDay #IndonesiavsUzbekistan https://t.co/N3JIfTeave","1785943721600856405","https://pbs.twimg.com/media/GMjyWBXbMAAPjYJ.jpg","","in","","0","0","0","https://twitter.com/ThinkSmart_tik/status/1785943721600856405","1742016215487569920","ThinkSmart_tik"
"1785939165277995345","Thu May 02 07:47:32 +0000 2024","1","DISINI WED BERAPAPUN DI BAYAR 100% #pepe4d #PEPE4D #slotgacorindonesia #indonesiavsirak #indonesiavsuzbekistan #PEPE4D #slotgacor Link ada di bwah https://t.co/MXv68ktvkc https://t.co/X6LLsORcOi","1785939165277995345","https://pbs.twimg.com/media/GMjtuH0aEAAshiv.jpg","","in","Indonesia","0","0","0","https://twitter.com/Pepe4dmenang/status/1785939165277995345","1756301121994268672","Pepe4dmenang"
"1785938202853032275","Thu May 02 07:43:43 +0000 2024","0","Jadwal Final dan Perebutan Juara 3 Piala Asia U-23 2024 Indonesia vs Irak dan Jepang vs Uzbekistan https://t.co/df7hWjMCE4 Chika | Amanda Zahra | UTBK | hanya lolongan nabila taqiyyah | KIPK | #TungguAkuDiBandung | Irak 1-3 Indonesia | JAEMIN | Tempe | Kamis","1785938202853032275","","","in","Sunda","0","0","0","https://twitter.com/CepOtong/status/1785938202853032275","1733547943993716736","CepOtong"
"1785889598134190448","Thu May 02 07:43:38 +0000 2024","0","@undipmenfess Apakah ini gertakan doang. Ujung-ujungnya mengundurkan diri dan minta maaf. Tp kalau beneran ya seperti pertandingan Indonesia VS Uzbekistan kayaknya ","1785938182850384026","","undipmenfess","in","Pasuruan, Jawa Timur","0","0","0","https://twitter.com/KangMad_88/status/1785938182850384026","1513463869","KangMad_88"
"1785932832067784923","Thu May 02 07:22:22 +0000 2024","0","4000 Warga Pontianak Padati Halaman Polresta Pontianak Nobar Semi Final Piala Asia U-23 Indonesia VS Uzbekistan https://t.co/1s3uKTzOSn","1785932832067784923","","","in","","0","0","0","https://twitter.com/JonoMpgi94244/status/1785932832067784923","1685967309809348610","JonoMpgi94244"
"1785931763736596847","Thu May 02 07:18:08 +0000 2024","0","Jadwal Final dan Perebutan Juara 3 Piala Asia U-23 2024 Indonesia vs Irak dan Jepang vs Uzbekistan https://t.co/Iubji9u1vC #Nasional #Indonesia #Irak #Jepang","1785931763736596847","","","in","Indonesia","0","0","0","https://twitter.com/KoranMandalaCom/status/1785931763736596847","1387556101","KoranMandalaCom"
"1785931493803720895","Thu May 02 07:17:03 +0000 2024","0","Kalau Messi tidak puas dengan kecurangan wasit Indonesia vs uzbekistan tolong gugat di MK.Sakit juga kalau di curangin ya mess ??https://t.co/BjMh0oh8A0","1785931493803720895","","","in","Timur Indonesia","0","0","0","https://twitter.com/HusainMechmari6/status/1785931493803720895","1609806004061106177","HusainMechmari6"
"1785930774623248871","Thu May 02 07:14:12 +0000 2024","0","#HainaultAttack #TimnasIndonesiaU23 #ÿßŸÑŸÖÿ∫ÿØŸàÿ±Ÿá_ÿ≥ŸÑŸÖŸâ #ÿßŸÑŸÜÿµÿ±_ÿßŸÑÿÆŸÑŸäÿ¨ Jadwal Final dan Perebutan Juara 3 Piala Asia U-23 2024 Indonesia vs Irak dan Jepang vs Uzbekistan https://t.co/9ZfIvSkYqC","1785930776867192992","","StephanieD11259","in","","0","1","0","https://twitter.com/StephanieD11259/status/1785930776867192992","1731879747024736256","StephanieD11259"
"1785929344956964958","Thu May 02 07:09:57 +0000 2024","0","@Rosi_KompasTV Di sisi lain dalam laga Indonesia VS Uzbekistan sebelumnya ada sejumlah catatan kontroversi wasit saat bertugas. Ada juga kontroversi wasit yang menguntungkan Indonesia seperti saat melawan Korea Selatan. #ROSIKompasTV @Rosi_KompasTV","1785929704605913100","","KompasTV","in","Indonesia","0","2","1","https://twitter.com/KompasTV/status/1785929704605913100","71436318","KompasTV"
"1785928528380461277","Thu May 02 07:05:16 +0000 2024","0","Suporter Korea Selatan Singgung soal VAR di Laga Timnas Indonesia vs Uzbekistan Katanya Anak Asuh Shin Tae-yong ...: Beragam komentar netizen Korea Selatan setelah melihat Timnas Indonesia U-23 dikalahkan Uzbekistan di laga semifinal Piala Asia U-23 https://t.co/I5mdnY4czn https://t.co/MvwpjEPQJd","1785928528380461277","https://pbs.twimg.com/media/GMjkiHbawAApBV7.jpg","","in","Pulo Gadung, Indonesia","0","0","0","https://twitter.com/tvOneNews/status/1785928528380461277","55507370","tvOneNews"
"1785915954893136062","Thu May 02 07:02:28 +0000 2024","0","@et880888 @idextratime @FAM_Malaysia @MFL_MY Suporter harus dewasa....contoh ya pertandingan Uzbekistan Vs Indonesia....wasit cukup baik tpi masih juga oleh sebagian orang ngak fair....","1785927820595941604","","et880888","in","","0","0","0","https://twitter.com/ToddBuddy77/status/1785927820595941604","1436476775547105284","ToddBuddy77"
"1785927226858549551","Thu May 02 07:00:06 +0000 2024","0","Terpopuler: Timnas Indonesia Vs Uzbekistan Diulang 2 Pengakuan Shin Tae-yong https://t.co/U2Bk8pjvIv","1785927226858549551","","","in","","0","0","0","https://twitter.com/Nardi355049/status/1785927226858549551","1678774598320672770","Nardi355049"
"1785927095677497786","Thu May 02 06:59:35 +0000 2024","0","Polda Kalbar Gelar Nobar Babak Semifinal Timnas Indonesia Vs Uzbekistan https://t.co/mW1mgFeBJZ","1785927095677497786","","","in","","0","0","0","https://twitter.com/JonoMpgi94244/status/1785927095677497786","1685967309809348610","JonoMpgi94244"
"1785924193143632115","Thu May 02 06:48:03 +0000 2024","0","Semi Final Piala AFC U23 Indonesia VS Uzbekistan Polresta Pontianak Gelar Nobar Gratis Berhadiah Sepeda Motor https://t.co/zlrVMhibOB","1785924193143632115","","","in","","0","0","0","https://twitter.com/JonoMpgi94244/status/1785924193143632115","1685967309809348610","JonoMpgi94244"
"1785718753558401030","Thu May 02 06:39:38 +0000 2024","1","@nak_Negeri @jokowi Pasti ucapan Jokowi Indonesia 2 vs Uzbekistan 0. Terbalik kan? yg terjadi 0-2 buat Uzbek","1785922075892539781","","nak_Negeri","in","","0","0","0","https://twitter.com/Rfadlis1/status/1785922075892539781","948751735392120832","Rfadlis1"
"1785918989174202875","Thu May 02 06:27:22 +0000 2024","1","Kapolres Metro Jakarta Pusat Kombes Pol. Susatyo P. Condro S.H. S.I.K. https://t.co/6nIz4n7Sm1. Bersama Dandim 0501 / JP BS dan Walikota Jakarta Pusat adakan Nobar Semi Final AFC U23 Asian Cup antara Timnas Indonesia U23 vs Uzbekistan U23 di Aula Slamet Ryanto https://t.co/eEHh79Nph9","1785918989174202875","https://pbs.twimg.com/media/GMjb2zna4AEeZQN.jpg","","in","Jl.Garuda Blok B1 No.2 Jakarta","0","0","0","https://twitter.com/PolresJakPus/status/1785918989174202875","3129570968","PolresJakPus"
"1785918445395284390","Thu May 02 06:25:12 +0000 2024","0","Hallo Guysss... Yuukk lihat cuplikan keseruan Nobar Semifinal Piala Asia U-23 2024 Indonesia VS Uzbekistan. @kanwilsulteng #lpkapalu Selengkapnya : https://t.co/IiMrFEtMxm Kanwil Kemenkumham Sulteng Hermansyah Siregar","1785918445395284390","","","in","Kota Palu, Sulawesi Tengah","0","0","0","https://twitter.com/LPKAPALU/status/1785918445395284390","1102368795765555201","LPKAPALU"
"1785917830270988394","Thu May 02 06:22:46 +0000 2024","0","Pada hari Senin 29 April 2024 bertempat di Alun-Alun Pemkab Penajam Paser Utara Kepala Kejaksaan Negeri Penajam Paser Utara Bapak Faisal Arifuddin S.H. M.H. Hadiri Nonton Bareng Semifinal Piala Asia U-23 antara Indonesia VS Uzbekistan. https://t.co/7jDxMyLMQc","1785917830270988394","https://pbs.twimg.com/media/GMjay74bsAArkFt.jpg","","in","Penajam, Kalimantan Timur","0","0","0","https://twitter.com/KejariPPU/status/1785917830270988394","1378911047256473604","KejariPPU"
"1785915087833923618","Thu May 02 06:11:52 +0000 2024","1","NOBAR LIVE PERTANDINGAN SEMIFINAL TIMNAS INDONESIA U23 VS UZBEKISTAN DI TAMAN KOTA GIANYAR @Spripim_Polri @divisihumaspolri #quickwinspresisi #poldabali #polresgianyar https://t.co/subjILFWZB","1785915087833923618","https://pbs.twimg.com/media/GMjYTrZbMAAneWb.jpg","","in","","0","0","0","https://twitter.com/GianyarPolres1/status/1785915087833923618","1536892642553868289","GianyarPolres1"
"1785910721810960717","Thu May 02 05:54:31 +0000 2024","2","Setelah perhelatan panas antara Indonesia vs Uzbekistan kemarin kini datang momen perebutan tiket menuju posisi ketiga Piala Asia U-23. Timnas U-23 Indonesia akan melawan Irak pada perebutan tempat ketiga Piala Asia U-23 2024 di Stadion Abdullah Bin Khalifa Doha Qatar Kamis https://t.co/9vfcDu8AVb","1785910721810960717","https://pbs.twimg.com/ext_tw_video_thumb/1785910276191399936/pu/img/Zl749J_Ze0s7mjYX.jpg","","in","Pulo Gadung, Indonesia","0","0","2","https://twitter.com/tvOneNews/status/1785910721810960717","55507370","tvOneNews"
"1785910274739876339","Thu May 02 05:52:44 +0000 2024","4","Emang enak ditolak AFC Tolak Tanding Ulang Semifinal Uzbekistan vs Indonesia. https://t.co/4k8FtTnJXf","1785910274739876339","https://pbs.twimg.com/media/GMjT7NnaUAANHqL.jpg","","in","Indonesia","0","1","1","https://twitter.com/RK_Lamongan/status/1785910274739876339","736600582538944512","RK_Lamongan"
"1785907806086074431","Thu May 02 05:42:56 +0000 2024","0","JANGAN LUPA GUYS!! RAMAIKAN #TIMNASDAY üáÆüá© Nonton Bareng Laga Semi Final Piala Asia U-23 Timnas INDONESIA U-23 üáÆüá© vs Uzbekistan U-23 üá∫üáø Senin 29 April 2024 Pukul 21.00 WIB di Lapangan Apel Polres Kuningan Terbuka Untuk Umum Gratis Sudah disiapkan Makanan Gratis &amp; Doorprize! https://t.co/d6Xa3cxhj5","1785907806086074431","https://pbs.twimg.com/media/GMjRopXasAAkNtV.jpg","","in","","0","0","0","https://twitter.com/aputria44/status/1785907806086074431","1768763053930426368","aputria44"
"1785907233626489342","Thu May 02 05:40:39 +0000 2024","1","Polresta Bandara Soekarno-Hatta Melaksanakan Kegiatan Nonton Bareng Semi Final Piala AFC U23 ASIA CUP Antara Indonesia VS Uzbekistan Di Mako Polresta Bandara Soekarno-Hatta @listyosigitprabowo @spripim.polri @divisihumaspolri @kapoldametrojaya @poldametrojaya https://t.co/S0VeUHhxdc","1785907233626489342","https://pbs.twimg.com/media/GMjRJ_OaUAAIqXL.jpg","","in","Cengkareng, Indonesia","0","0","1","https://twitter.com/polres_soetta/status/1785907233626489342","3278022320","polres_soetta"
"1785906061289132492","Thu May 02 05:36:00 +0000 2024","0","STY agaknya masih belum menerima sepenuhnya keputusan wasit ketika laga timnas Indonesia U-23 vs Uzbekistan di babak semifinal. https://t.co/bPT4DM6Ok0","1785906061289132492","","","in","DKI Jakarta, Indonesia","0","0","0","https://twitter.com/voidotid/status/1785906061289132492","1186946650595418116","voidotid"
"1785121242263195844","Thu May 02 05:32:41 +0000 2024","1","@ylssnt @FunOFootball @tanyakanrl fix elu emang tolollll...itu si decul fomo Jerome nontonnya highlight nya Indonesia vs Korea njirrr bukan yg lawan Uzbekistan ","1785905225829884260","","ylssnt","in","","0","1","0","https://twitter.com/SriLest36826554/status/1785905225829884260","1564461665508524032","SriLest36826554"
"1785903997448303085","Thu May 02 05:27:48 +0000 2024","0","Nonton Bareng Timnas Indonesia U-23 Piala AFC Antara Indonesia VS Uzbekistan Polda Kalsel https://t.co/001xrjgAj3","1785903997448303085","https://pbs.twimg.com/media/GMjON6aaQAE_3S5.jpg","","in","Kalimantan Selatan","0","0","0","https://twitter.com/bidhumaskalsel/status/1785903997448303085","3102504937","bidhumaskalsel"
"1785903454617305492","Thu May 02 05:25:38 +0000 2024","0","Mator Sakalangkong buat Polres Bangkalan yg sudah mengadakan Nobar Indonesia vs Uzbekistan + doorprize lagi.. Semoga ada nobar lagi biar makin seru dan guyub.. https://t.co/CMzJXMlfj9","1785903454617305492","https://pbs.twimg.com/ext_tw_video_thumb/1785903307053211648/pu/img/63kloMyJtGftKxgm.jpg","","in","Pulau Madura","0","0","0","https://twitter.com/PulauMadura/status/1785903454617305492","131763815","PulauMadura"
"1785900520458346750","Thu May 02 05:13:59 +0000 2024","1","Pj. Wali Kota Tegal Dadang Somantri Nobar laga semifinal Piala Asia U-23 2024 antara Timnas Indonesia Vs Uzbekistan Bersama Warga Kota Tegal di Pendopo Ki Gede Sebayu Komplek Balaikota Tegal Senin/29 April 2024. ------------------------------------------ https://t.co/eXJoI1Mhhm","1785900520458346750","https://pbs.twimg.com/ext_tw_video_thumb/1785900228241162240/pu/img/q47NtVs0G7QFPrJB.jpg","","in","Kota Tegal, Jawa Tengah","0","1","0","https://twitter.com/kominfotegal/status/1785900520458346750","2444656008","kominfotegal"
"1785897273672753255","Thu May 02 05:01:05 +0000 2024","0","Kapan Pertandingan timnas Indonesia vs Uzbekistan Akan Diulang setelah Wasit Terbukti Curang? https://t.co/2XbRO3WUnR https://t.co/yqDsJNPDT7","1785897273672753255","https://pbs.twimg.com/media/GMjIG0ZbsAAjXkM.jpg","","in","Jakarta, Indonesia","0","0","0","https://twitter.com/Bisniscom/status/1785897273672753255","118646322","Bisniscom"
"1785888254887432481","Thu May 02 04:25:14 +0000 2024","0","Yudi diCek Fakta: Pertandingan Timnas Indonesia vs Uzbekistan Diulang karena Wasit Curang https://t.co/D8vzQxXvF8","1785888254887432481","","","in","","0","0","0","https://twitter.com/GCMATERIAL2/status/1785888254887432481","1391742899797196807","GCMATERIAL2"
"1785882520560738571","Thu May 02 04:09:23 +0000 2024","0","@idextratime Tetangga ku kena hoax tiktok anyingg katanya FIFA Indonesia vs Uzbekistan mau di ulang ","1785884263428309071","","idextratime","in","","0","0","0","https://twitter.com/dickyuii11/status/1785884263428309071","1522650420811747328","dickyuii11"
"1785883229876261246","Thu May 02 04:05:16 +0000 2024","5","Inilah wasit yang memimpin nya Irak U-23 vs Indonesia U-23 Wasit utama : Majed M Alshamrani(Arab Saudi) Sementara di asisten VAR ada Sivakorn Pu-Udom yang merugikan Timnas Indonesia 2x selama jadi wasit VAR yaitu saat lawan Qatar &amp; Uzbekistan. https://t.co/7e1nAt4qZn","1785883229876261246","https://pbs.twimg.com/media/GMi7UJSboAA8vzO.jpg","","in","Indonesia","0","0","0","https://twitter.com/RacoonEntID/status/1785883229876261246","1857727082","RacoonEntID"
"1785883007565619267","Thu May 02 04:04:23 +0000 2024","0","Cek Fakta: Pertandingan Timnas Indonesia U 23 vs Uzbekistan Diulang? https://t.co/rRQb5XHQUA","1785883007565619267","","","in","","0","0","0","https://twitter.com/hariini2024/status/1785883007565619267","1678272427745501185","hariini2024"
"1785863170453868578","Thu May 02 02:45:34 +0000 2024","1","Pagi Ini dapet kiriman roti dari wasit yang memimpin pertandingan antara Indonesia vs Uzbekistan @ShenYinhaoreal @shenyinnhao https://t.co/N9ZUQ54t3F","1785863170453868578","https://pbs.twimg.com/media/GMipFn0bwAAqEPb.jpg","","in","Kota Prabumulih, Sumatera Sela","0","0","0","https://twitter.com/AkhadiWira_s/status/1785863170453868578","1638557449363017728","AkhadiWira_s"
"1785860633063485712","Thu May 02 02:35:29 +0000 2024","0","Sumua yg di curangi wasit hasilnya pasti 02 ngk percaya?? Indonesia vs Qatar : 0-2 Indonesia vs uzbekistan :0-2 Pilres konoha :02 Tu fakta kan?","1785860633063485712","","","in","","0","0","0","https://twitter.com/NiniakMamak4/status/1785860633063485712","1403495390658273283","NiniakMamak4"
"1785732344046870943","Thu May 02 02:13:36 +0000 2024","0","@nocontextfooty Referee indonesia vs uzbekistan","1785855125090898177","","nocontextfooty","in","+69","0","0","0","https://twitter.com/sinnercitizen_/status/1785855125090898177","1104799877689561088","sinnercitizen_"
"1785852883017388525","Thu May 02 02:04:41 +0000 2024","0","Acara Nonton Bareng (Nobar) Tim Nasional (Timnas) Indonesia vs Uzbekistan dalam ajang AFC U23 Asian Cup 2024 di Balai Kota Cirebon berjalan dengan lancar pada Senin (29/4). Acara nobar berlangsung tertib tanpa adanya insiden kerusuhan. https://t.co/2X7p1F63f0","1785852883017388525","","","in","Cirebon, Jawa Barat.","0","0","0","https://twitter.com/LPMFatsoen/status/1785852883017388525","1109929028","LPMFatsoen"
"1785851096482853169","Thu May 02 01:57:35 +0000 2024","1","Suporter Asal Korea Selatan Ini Ikut Kesal Atas Wasit Laga Timnas Indonesia U-23 Vs Uzbekistan Terkejut dengan Sikap STY: Pada babak semifinal Piala Asia U-23 tersebut Timnas Indonesia U-23 kalah dengan skor 2-0 dari Uzbekistan dengan berbagai https://t.co/o1yJ08MutR https://t.co/wfymBlAt1d","1785851096482853169","https://pbs.twimg.com/media/GMieG-zawAAmJxr.jpg","","in","Pulo Gadung, Indonesia","0","1","0","https://twitter.com/tvOneNews/status/1785851096482853169","55507370","tvOneNews"
"1785846184239837293","Thu May 02 01:38:04 +0000 2024","1","Nonton Bareng (NOBAR) Semifinal Piala Asia U-23 antara Indonesia vs Uzbekistan diberbagai lokasi di 4 kelurahan di Kecamatan Gedebage (Rancabolang Cimincrang Cisaranten Kidul Rancanumpang) &amp; Kantor Kecamatan 29 April 2024 @ApJaenudin @pembdg @halo_bandung @DiskominfoBdg https://t.co/eb2zIBhIT6","1785846184239837293","https://pbs.twimg.com/media/GMiZahObsAAUJnS.jpg","","in","Bandung Indonesia ","0","0","0","https://twitter.com/KecGedebage/status/1785846184239837293","1882169192","KecGedebage"
"1785845084292091913","Thu May 02 01:33:42 +0000 2024","2","Potential for significant upsurge @SenderLabs Manakh yg lbh seru? Indonesia vs Irak: ... - ... Jepang vs Uzbekistan: ... - ... Skor silahkan diketik sndri","1785845084292091913","","","in","Jembrana, Bali","0","1","1","https://twitter.com/NegaraYoyon/status/1785845084292091913","1134521254189228032","NegaraYoyon"
"1785844909339185228","Thu May 02 01:33:00 +0000 2024","1","Forkopimcam Gedebage (Camat Kapolsek Danramil) beserta jajaran Nonton Bareng (NOBAR) Semifinal Piala Asia U-23 antara Indonesia vs Uzbekistan di Summarecon Mall Bandung. Senin 29 April 2024 @ApJaenudin @pembdg @halo_bandung @DiskominfoBdg @bkpsdm_bdg https://t.co/yBCsnuYSX6","1785844909339185228","https://pbs.twimg.com/media/GMiYYOxbMAAdf71.jpg","","in","Bandung Indonesia ","0","0","0","https://twitter.com/KecGedebage/status/1785844909339185228","1882169192","KecGedebage"
"1785836714252292185","Thu May 02 01:20:34 +0000 2024","0","@registaco Nomor 3 yg paling immpossible sih...peluangnya kek Indonesia vs Uzbekistan","1785841779880964221","","registaco","in","","0","0","0","https://twitter.com/YungKenReds/status/1785841779880964221","796195526899183616","YungKenReds"
"1785837771363643594","Thu May 02 01:04:38 +0000 2024","0","Laga Indonesia vs Uzbekistan tersebut diwarnai dengan sejumlah drama yang berakar dari keputusan kontroversial wasit Shen Yinhao salah satunya yakni gol Muhammad Ferrari di menit 61 yang dianulir karena terindikasi offside. #TimNasDay #AsianCupU23 #AFCU23 #AFCU23AsianCup https://t.co/1Dtymy0UPE","1785837771363643594","https://pbs.twimg.com/ext_tw_video_thumb/1785837740984279040/pu/img/7tAQ_Y2RIF0TAzew.jpg","","in","Indonesia","0","0","0","https://twitter.com/PgkShen/status/1785837771363643594","1708207176190423041","PgkShen"
"1785837348447822048","Thu May 02 01:02:57 +0000 2024","52","Timnas Jepang U-19 bantai Uzbekistan U-19 di laga perdana Babak Penyisihan kedua Piala Asia yang di gelar di Indonesia. üáØüáµ Jepang U-19 berhasil meraih kemenangan telak di laga perdana Babak Penyisihan kedua Piala Asia U-19 vs Uzbekistan dengan skor 8-1. Pencetak gol Jepang: https://t.co/at4rBjkcb5","1785837348447822048","https://pbs.twimg.com/media/GMiRmdtbkAAW1UW.jpg","","in","","3","4","16","https://twitter.com/CTsubasa_indo/status/1785837348447822048","1638849379577794562","CTsubasa_indo"
"1785816338306588889","Wed May 01 23:39:28 +0000 2024","0","CEK FAKTA: Pertandingan Semifinal Piala Asia U-23 Indonesia vs Uzbekistan Diulang Benar atau Tidak? https://t.co/MqxN7VwlQL","1785816338306588889","","","in","","0","0","0","https://twitter.com/JembranaExpress/status/1785816338306588889","1726859054252003328","JembranaExpress"
"1785811475938127879","Wed May 01 23:20:09 +0000 2024","894"," HARI PERTANDINGAN Dua laga terakhir ajang üá∂üá¶Piala Asia U23 2024! 3RD PLACE PLAYOFF üáÆüá∂Irak U23 vs üáÆüá©INDONESIA U23 (2/5) 22.30 WIB FINAL üáØüáµJepang U23 vs üá∫üáøUzbekistan U23 (3/5) 22.30 WIB Pemenang 3rd Place bakal lolos otomatis ke üá´üá∑Olimpiade 2024! https://t.co/biJYkB0wkn","1785811475938127879","https://pbs.twimg.com/media/GMh6ErCbcAA4Obt.jpg","","in","Indonesia","5","20","121","https://twitter.com/Indostransfer/status/1785811475938127879","811427632336146433","Indostransfer"
"1785785055169876202","Wed May 01 21:35:10 +0000 2024","0","Ayok Dukung Team Favorit Anda di situs Eyangpoker. IRAQ Vs INDONESIA pada 2 MEI 22.30 WIB JAPAN Vs UZBEKISTAN pada 3 MEI 22.30 WIB Didukung oleh Provider ternama 568Win CMD 368 SABA Sports World Entertaiment Pinnacle Solution akses di link : https://t.co/SU0KeSyxSo https://t.co/t1aAhMC4hp","1785785055169876202","https://pbs.twimg.com/media/GMhiB9CaIAAxRO5.png","","in","","0","0","0","https://twitter.com/eyangpoker1/status/1785785055169876202","1243890147902382080","eyangpoker1"
"1785772940715594185","Wed May 01 20:47:01 +0000 2024","1","Presiden AFC HE Shaikh Salman bin Ebrahim Al Khalifa mengatakan pertandingan semifinal Piala Asia U-23 2024 antara Indonesia U-23 vs Uzbekistan sangat layak diulang. Pasalnya AFC menemukan sangat banyak pelanggaran wasit di pertandingan Timnas U-23 Indonesia vs Uzbek. #TimnasDay https://t.co/6QYmDdVwZn","1785772940715594185","https://pbs.twimg.com/media/GMhWP02bMAA8xRe.jpg","","in","Jakarta, Indonesia","1","1","0","https://twitter.com/MKorpora/status/1785772940715594185","1463771354402988040","MKorpora"
"1785752857679179805","Wed May 01 19:27:13 +0000 2024","0","Nobar Timnas Indonesia vs Uzbekistan di Polsek Mojoroto Kediri Garuda Muda Kalah 0-2 https://t.co/MZ4fMrI9qm","1785752857679179805","","","in","Indonesia","0","0","0","https://twitter.com/jurnaljatimcom/status/1785752857679179805","1464140299","jurnaljatimcom"
"1785749128485744960","Wed May 01 19:12:24 +0000 2024","0","INDONESIA DOYAN #HOAKS @kompascom @detikcom [HOAKS] Pertandingan Indonesia Vs Uzbekistan Diulang karena Ada Kecurangan https://t.co/ju7928WCSF","1785749128485744960","","","in","√úT: 32.2,-110.85","0","1","0","https://twitter.com/SATR14/status/1785749128485744960","76065162","SATR14"
"1785748993202663711","Wed May 01 19:11:52 +0000 2024","1","Sisa nobar Ultras Garuda Cirebon Indonesia vs uzbekistan #TimnasDay https://t.co/s87slzK3W2","1785748993202663711","https://pbs.twimg.com/ext_tw_video_thumb/1785748892946214915/pu/img/q8xZ7L8MpRn9y8AY.jpg","","in","","0","0","0","https://twitter.com/hailmedge/status/1785748993202663711","764060598078365700","hailmedge"
"1785745025227501849","Wed May 01 18:56:06 +0000 2024","1","Pertandingan Indonesia VS Uzbekistan diulang karena wasit curang https://t.co/smBycfCPEm","1785745025227501849","https://pbs.twimg.com/ext_tw_video_thumb/1785744465988366339/pu/img/zNeAUMUTIL2W-3y8.jpg","","in","Bandung, Jawa Barat","0","0","0","https://twitter.com/Al_Kauther01/status/1785745025227501849","1772537354563321856","Al_Kauther01"
"1785734397020549439","Wed May 01 18:13:52 +0000 2024","0","Nantikan Pertandingan Final Piala Asia U-23 Jepang VS Uzbekistan #planetfootball #jepang #uzbekistan #timnasindonesia #pialaasiau23 #foryoupage #fyp„Ç∑ #football #timnas #indonesia #U23 #pialaasia https://t.co/T05MiDIPpm","1785734397020549439","https://pbs.twimg.com/ext_tw_video_thumb/1785730051566415873/pu/img/5xy-kOZj9BdylsP2.jpg","","in","","0","0","0","https://twitter.com/PFootBall_215/status/1785734397020549439","1576741814820048897","PFootBall_215"
"1785730053206315106","Wed May 01 17:56:36 +0000 2024","0","#News #wasitvar #indonesiavsuzbekistan #indonesialawanirak Duh Wasit VAR Indonesia vs Uzbekistan Kembali Tugas di Laga Lawan Irak: Wasit VAR Sivakorn Pu-udom yang menuai kontroversi saat pertandingan Timnas Indonesia vs Uzbekistan akan kembali https://t.co/b0K0u2vz5S","1785730053206315106","","","in","Makassar, Indonesia","0","0","0","https://twitter.com/terkinidotid/status/1785730053206315106","123757780","terkinidotid"
